Query1,Query2,Query3,Query4,Query5
third wave feminism,,,,
third wave feminism,,,,
third wave feminism,,,,
third wave feminism,,,,
third wave feminism,,,,
third wave feminism,,,,
third wave feminism,,,,
third wave feminism,,,,
vatican feminism,,,,
liberal feminism,,,,
liberal feminism,,,,
liberal feminism,,,,
liberal feminism,,,,
liberal feminism,,,,
liberal feminism,,,,
liberal feminism,,,,
liberal feminism,,,,
liberal feminism,,,,
liberal feminism,,,,
liberal feminism,,,,
liberal feminism,,,,
liberal feminism,,,,
ladies against feminism,,,,
ladies against feminism,,,,
ladies against feminism,,,,
ladies against feminism,,,,
ladies against feminism,,,,
ladies against feminism,,,,
ladies against feminism,,,,
ladies against feminism,,,,
ladies against feminism,,,,
black feminism,,,,
second wave feminism,,,,
second wave feminism,,,,
second wave feminism,,,,
second wave feminism,,,,
second wave feminism,,,,
second wave feminism,,,,
second wave feminism,,,,
second wave feminism,,,,
second wave feminism,,,,
second wave feminism,,,,
second wave feminism,,,,
second wave feminism,,,,
second wave feminism,,,,
second wave feminism,,,,
second wave feminism,,,,
feminism definition,,,,
feminism definition,,,,
feminism definition,,,,
feminism definition,,,,
feminism definition,,,,
feminism definition,,,,
feminism definition,,,,
feminism definition,,,,
feminism definition,,,,
feminism definition,,,,
feminism definition,,,,
feminism definition,,,,
feminism definition,,,,
feminism definition,,,,
feminism definition,,,,
feminism definition,,,,
feminism definition,,,,
feminism definition,,,,
feminism definition,,,,
feminism definition,,,,
feminism definition,,,,
feminism definition,,,,
feminism definition,,,,
feminism definition,,,,
feminism definition,,,,
feminism definition,,,,
feminism definition,,,,
feminism definition,,,,
feminism definition,,,,
feminism definition,,,,
feminism definition,,,,
feminism definition,,,,
feminism definition,,,,
feminism definition,,,,
feminism definition,,,,
feminism definition,,,,
feminism definition,,,,
feminism definition,,,,
feminism definition,,,,
feminism definition,,,,
feminism definition,,,,
feminism definition,,,,
feminism definition,,,,
feminism definition,,,,
feminism definition,,,,
feminism definition,,,,
feminism definition,,,,
feminism definition,,,,
feminism definition,,,,
feminism definition,,,,
feminism definition,,,,
feminism definition,,,,
feminism definition,,,,
feminism definition,,,,
feminism definition,,,,
feminism definition,,,,
feminism definition,,,,
feminism definition,,,,
feminism definition,,,,
feminism definition,,,,
feminism definition,,,,
feminism definition,,,,
feminism definition,,,,
feminism definition,,,,
feminism definition,,,,
feminism definition,,,,
feminism definition,,,,
feminism definition,,,,
feminism definition,,,,
feminism definition,,,,
feminism definition,,,,
feminism definition,,,,
feminism definition,,,,
feminism definition,,,,
feminism definition,,,,
feminism definition,,,,
feminism definition,,,,
feminism definition,,,,
feminism definition,,,,
feminism definition,,,,
feminism definition,,,,
feminism definition,,,,
feminism definition,,,,
feminism definition,,,,
feminism definition,,,,
feminism definition,,,,
feminism definition,,,,
feminism definition,,,,
feminism definition,,,,
feminism definition,,,,
feminism definition,,,,
feminism definition,,,,
feminism definition,,,,
feminism definition,,,,
feminism definition,,,,
feminism definition,,,,
feminism definition,,,,
feminism definition,,,,
feminism definition,,,,
feminism definition,,,,
feminism definition,,,,
feminism definition,,,,
feminism definition,,,,
feminism definition,,,,
feminism definition,,,,
feminism definition,,,,
feminism definition,,,,
feminism definition,,,,
feminism definition,,,,
feminism definition,,,,
feminism definition,,,,
feminism definition,,,,
feminism definition,,,,
feminism definition,,,,
feminism definition,,,,
feminism definition,,,,
feminism definition,,,,
feminism definition,,,,
feminism definition,,,,
feminism definition,,,,
feminism definition,,,,
feminism definition,,,,
feminism definition,,,,
feminism definition,,,,
feminism definition,,,,
feminism definition,,,,
feminism definition,,,,
feminism definition,,,,
feminism definition,,,,
feminism definition,,,,
feminism definition,,,,
feminism definition,,,,
feminism definition,,,,
feminism definition,,,,
feminism definition,,,,
feminism definition,,,,
feminism definition,,,,
feminism definition,,,,
feminism definition,,,,
feminism definition,,,,
feminism definition,,,,
feminism definition,,,,
feminism definition,,,,
feminism definition,,,,
feminism definition,,,,
feminism definition,,,,
feminism definition,,,,
feminism definition,,,,
feminism definition,,,,
feminism definition,,,,
feminism definition,,,,
feminism definition,,,,
feminism definition,,,,
feminism definition,,,,
feminism definition,,,,
feminism definition,,,,
feminism definition,,,,
feminism definition,,,,
feminism definition,,,,
feminism definition,,,,
feminism definition,,,,
feminism definition,,,,
feminism definition,,,,
feminism definition,,,,
feminism definition,,,,
feminism definition,,,,
feminism definition,,,,
feminism definition,,,,
feminism definition,,,,
feminism definition,,,,
feminism definition,,,,
feminism definition,,,,
feminism definition,,,,
feminism definition,,,,
feminism definition,,,,
feminism definition,,,,
feminism definition,,,,
feminism definition,,,,
feminism definition,,,,
feminism definition,,,,
feminism definition,,,,
feminism definition,,,,
feminism definition,,,,
feminism definition,,,,
feminism definition,,,,
feminism definition,,,,
feminism definition,,,,
feminism definition,,,,
feminism definition,,,,
feminism definition,,,,
feminism definition,,,,
feminism definition,,,,
feminism definition,,,,
feminism definition,,,,
feminism definition,,radical feminism,,
feminism definition,,radical feminism,,
feminism definition,,radical feminism,,
feminism definition,,radical feminism,,
feminism definition,,radical feminism,,
feminism definition,,radical feminism,,
feminism definition,,radical feminism,,
feminism definition,,radical feminism,,
feminism definition,,radical feminism,,
feminism definition,,radical feminism,,
feminism definition,,radical feminism,,
feminism definition,,radical feminism,,
feminism definition,,radical feminism,,
feminism definition,,radical feminism,third wave feminism,
feminism definition,,radical feminism,third wave feminism,
feminism definition,,radical feminism,third wave feminism,
feminism definition,,radical feminism,third wave feminism,
feminism definition,,radical feminism,third wave feminism,
feminism definition,,radical feminism,third wave feminism,
feminism definition,,radical feminism,third wave feminism,
feminism definition,,radical feminism,third wave feminism,
feminism definition,,radical feminism,third wave feminism,
feminism definition,,what is feminism,third wave feminism,
feminism definition,,what is feminism,third wave feminism,
feminism definition,,what is feminism,third wave feminism,
feminism definition,,what is feminism,third wave feminism,
feminism definition,,what is feminism,third wave feminism,
feminism definition,,what is feminism,third wave feminism,
feminism definition,,what is feminism,third wave feminism,
feminism definition,,what is feminism,third wave feminism,
islamic feminism,ladies against feminism,what is feminism,third wave feminism,
full frontal feminism,ladies against feminism,what is feminism,liberal feminism,
full frontal feminism,ladies against feminism,what is feminism,liberal feminism,
radical feminism,ladies against feminism,what is feminism,liberal feminism,
radical feminism,ladies against feminism,what is feminism,liberal feminism,
radical feminism,ladies against feminism,what is feminism,liberal feminism,
radical feminism,feminism definition,what is feminism,liberal feminism,
radical feminism,feminism definition,what is feminism,liberal feminism,
radical feminism,feminism definition,what is feminism,liberal feminism,
radical feminism,feminism definition,what is feminism,liberal feminism,
radical feminism,feminism definition,what is feminism,liberal feminism,
radical feminism,feminism definition,what is feminism,liberal feminism,
radical feminism,feminism definition,what is feminism,liberal feminism,
radical feminism,feminism definition,what is feminism,liberal feminism,
radical feminism,feminism definition,what is feminism,liberal feminism,
radical feminism,feminism definition,what is feminism,liberal feminism,
radical feminism,feminism definition,what is feminism,liberal feminism,
radical feminism,feminism definition,what is feminism,liberal feminism,
radical feminism,feminism definition,what is feminism,liberal feminism,
radical feminism,feminism definition,what is feminism,ladies against feminism,
,feminism definition,what is feminism,ladies against feminism,
,feminism definition,what is feminism,what is feminism,
,feminism definition,what is feminism,what is feminism,
,feminism definition,what is feminism,what is feminism,
,feminism definition,what is feminism,what is feminism,
,feminism definition,what is feminism,what is feminism,
,feminism definition,what is feminism,what is feminism,
,feminism definition,what is feminism,what is feminism,
,feminism definition,what is feminism,what is feminism,
,feminism definition,what is feminism,what is feminism,
,feminism definition,what is feminism,what is feminism,
,feminism definition,what is feminism,what is feminism,
,feminism definition,what is feminism,what is feminism,
,feminism definition,what is feminism,what is feminism,
,feminism definition,what is feminism,what is feminism,
,feminism definition,what is feminism,what is feminism,
,feminism definition,what is feminism,what is feminism,
,feminism definition,what is feminism,what is feminism,
,feminism definition,what is feminism,what is feminism,
,feminism definition,what is feminism,what is feminism,
,feminism definition,what is feminism,what is feminism,
,feminism definition,what is feminism,what is feminism,
,feminism definition,what is feminism,what is feminism,
,feminism definition,what is feminism,what is feminism,second wave feminism
,feminism definition,what is feminism,what is feminism,second wave feminism
,feminism definition,what is feminism,what is feminism,second wave feminism
,feminism definition,what is feminism,what is feminism,second wave feminism
,feminism definition,what is feminism,what is feminism,second wave feminism
,feminism definition,what is feminism,what is feminism,second wave feminism
,feminism definition,what is feminism,what is feminism,second wave feminism
,feminism definition,what is feminism,what is feminism,second wave feminism
,feminism definition,what is feminism,what is feminism,second wave feminism
,feminism definition,what is feminism,what is feminism,second wave feminism
,feminism definition,what is feminism,what is feminism,second wave feminism
,feminism definition,what is feminism,what is feminism,second wave feminism
,feminism definition,what is feminism,what is feminism,second wave feminism
,feminism definition,what is feminism,what is feminism,second wave feminism
,feminism definition,what is feminism,what is feminism,second wave feminism
,feminism definition,what is feminism,what is feminism,second wave feminism
,feminism definition,what is feminism,what is feminism,second wave feminism
,feminism definition,what is feminism,what is feminism,second wave feminism
,feminism definition,what is feminism,what is feminism,second wave feminism
,feminism definition,what is feminism,what is feminism,second wave feminism
,feminism definition,what is feminism,what is feminism,second wave feminism
,feminism definition,what is feminism,what is feminism,second wave feminism
,feminism definition,what is feminism,history of feminism,second wave feminism
,feminism definition,what is feminism,history of feminism,second wave feminism
,feminism definition,what is feminism,second wave feminism,second wave feminism
,feminism definition,what is feminism,second wave feminism,second wave feminism
,feminism definition,what is feminism,second wave feminism,second wave feminism
,feminism definition,what is feminism,second wave feminism,second wave feminism
,feminism definition,what is feminism,second wave feminism,second wave feminism
,feminism definition,what is feminism,second wave feminism,second wave feminism
,feminism definition,what is feminism,second wave feminism,second wave feminism
,feminism definition,what is feminism,second wave feminism,second wave feminism
,feminism definition,what is feminism,second wave feminism,second wave feminism
,feminism definition,what is feminism,second wave feminism,second wave feminism
,feminism definition,what is feminism,second wave feminism,second wave feminism
,feminism definition,what is feminism,second wave feminism,second wave feminism
,feminism definition,what is feminism,second wave feminism,second wave feminism
,feminism definition,what is feminism,second wave feminism,second wave feminism
,feminism definition,what is feminism,second wave feminism,second wave feminism
,feminism definition,what is feminism,second wave feminism,second wave feminism
,feminism definition,what is feminism,second wave feminism,second wave feminism
,feminism definition,what is feminism,second wave feminism,second wave feminism
,feminism definition,what is feminism,second wave feminism,second wave feminism
,feminism definition,what is feminism,second wave feminism,second wave feminism
,feminism definition,what is feminism,second wave feminism,second wave feminism
,feminism definition,what is feminism,second wave feminism,second wave feminism
,feminism definition,what is feminism,second wave feminism,second wave feminism
,feminism definition,what is feminism,second wave feminism,second wave feminism
,feminism definition,what is feminism,second wave feminism,second wave feminism
,feminism definition,what is feminism,second wave feminism,do me feminism
,feminism definition,what is feminism,second wave feminism,feminism quotes
,feminist definition,what is feminism,second wave feminism,feminism quotes
,feminism definition,what is feminism,second wave feminism,feminism quotes
,feminism definition,what is feminism,second wave feminism,feminism quotes
,feminism definition,what is feminism,second wave feminism,feminism quotes
,feminism definition,what is feminism,second wave feminism,feminism quotes
,feminism definition,what is feminism,second wave feminism,feminism quotes
,feminism definition,what is feminism,second wave feminism,feminism quotes
,feminism definition,what is feminism,second wave feminism,feminism quotes
,feminism definition,what is feminism,second wave feminism,feminism quotes
,feminism definition,what is feminism,second wave feminism,feminism quotes
,feminism definition,what is feminism,second wave feminism,feminism quotes
,feminism definition,what is feminism,second wave feminism,feminism quotes
,feminism definition,what is feminism,second wave feminism,ladies against feminism
,feminism definition,what is feminism,feminism quotes,ladies against feminism
,feminism definition,what is feminism,feminism quotes,first wave feminism
,feminism definition,what is feminism,feminism quotes,first wave feminism
,feminism definition,what is feminism,feminism quotes,first wave feminism
,feminism definition,what is feminism,feminism quotes,first wave feminism
,feminism definition,what is feminism,feminism quotes,first wave feminism
,feminism definition,what is feminism,feminism quotes,first wave feminism
,feminism definition,what is feminism,feminism quotes,first wave feminism
,feminism definition,what is feminism,feminism quotes,first wave feminism
,feminism definition,what is feminism,feminism quotes,eco feminism
,feminism definition,what is feminism,feminism quotes,feminism definition
,feminism definition,what is feminism,feminism quotes,feminism definition
,feminism definition,what is feminism,feminism quotes,feminist definition
,feminism definition,what is feminism,feminism quotes,feminist definition
,feminist definition,what is feminism,feminism quotes,feminist definition
,feminism definition,what is feminism,feminism quotes,feminist definition
,feminism definition,what is feminism,feminism quotes,feminism definition
,feminist definition,what is feminism,feminism quotes,feminist definition
,feminism definition,what is feminism,feminism quotes,feminism definition
,feminism definition,what is feminism,feminism quotes,feminist definition
,feminism definition,what is feminism,feminism quotes,feminist definition
,feminism definition,what is feminism,feminism quotes,feminist definition
,feminism definition,what is feminism,quotes on feminism,feminist definition
,feminism definition,what is feminism,feminism quotes,feminism definition
,feminism definition,what is feminism,feminism quotes,feminist definition
,feminism definition,what is feminism,feminism quotes,feminist definition
,feminism definition,what is feminism,feminism quotes,feminism definition
,feminism definition,what is feminism,feminism quotes,feminism definition
,feminism definition,what is feminism,feminism quotes,feminist definition
,feminism definition,what is feminism,feminism quotes,feminist definition
,feminism definition,what is feminism,feminism quotes,feminist definition
,feminism definition,what is feminism,feminism quotes,feminist definition
,feminism definition,what is feminism,radical feminism,feminist definition
,feminism definition,what is feminism,radical feminism,feminist definition
,feminism definition,what is feminism,radical feminism,feminist definition
,feminism definition,what is feminism,radical feminism,feminism definition
,feminism definition,what is feminism,radical feminism,feminist definition
,feminism definition,what is feminism,radical feminism,feminist definition
,feminism definition,what is feminism,radical feminism,feminist definition
,feminism definition,what is feminism,radical feminism,feminist definition
,feminism definition,what is feminism,radical feminism,feminist definition
,feminism definition,what is feminism,radical feminism,feminist definition
,feminism definition,what is feminism,radical feminism,feminist definition
,feminism definition,what is feminism,radical feminism,feminist definition
,feminism definition,what is feminism,radical feminism,feminism definition
,feminism definition,what is feminism,radical feminism,feminist definition
,feminism definition,what is feminism,radical feminism,feminist definition
,feminism definition,what is feminism,radical feminism,feminist definition
,feminism definition,what is feminism,radical feminism,feminism definition
,feminism definition,what is feminism,radical feminism,feminist definition
,feminism definition,what is feminism,radical feminism,feminism definition
,feminism definition,what is feminism,radical feminism,feminist definition
,feminism definition,what is feminism,radical feminism,feminist definition
,feminism definition,what is feminism,radical feminism,feminist definition
,feminism definition,what is feminism,radical feminism,feminist definition
,feminism definition,what is feminism,radical feminism,feminist definition
,feminism definition,what is feminism,radical feminism,feminist definition
,feminism definition,what is feminism,radical feminism,feminist definition
,feminism definition,what is feminism,radical feminism,feminist definition
,feminism definition,what is feminism,radical feminism,feminism definition
,feminism definition,what is feminism,radical feminism,feminism definition
,feminism definition,what is feminism,radical feminism,feminist definition
,feminism definition,what is feminism,radical feminism,feminism definition
,feminism definition,what is feminism,radical feminism,feminism definition
,feminism definition,what is feminism,radical feminism,feminism definition
,feminism definition,what is feminism,radical feminism,feminism definition
,feminism definition,what is feminism,radical feminism,feminist definition
,feminism definition,what is feminism,radical feminism,feminism definition
,feminism definition,what is feminism,radical feminism,feminist definition
,feminism definition,what is feminism,radical feminism,feminism definition
,feminism definition,what is feminism,radical feminism,radical feminism
,feminism definition,what is feminism,radical feminism,radical feminism
,feminism definition,what is feminism,radical feminism,radical feminism
,feminism definition,what is feminism,radical feminism,radical feminism
,feminism definition,what is feminism,radical feminism,radical feminism
,feminism definition,what is feminism,radical feminism,radical feminism
,feminism definition,what is feminism,radical feminism,radical feminism
,feminism definition,what is feminism,radical feminism,radical feminism
,feminism definition,what is feminism,radical feminism,radical feminism
,feminism definition,what is feminism,forced feminism story,radical feminism
,feminism definition,what is feminism,first wave feminism,radical feminism
,feminism definition,what is feminism,anti feminism,radical feminism
,feminism definition,what is feminism,anti feminism,radical feminism
,feminism definition,what is feminism,marxist feminism,radical feminism
,feminism definition,what is feminism,marxist feminism,radical feminism
,feminism definition,what is feminism,marxist feminism,radical feminism
,feminism definition,what is feminism,marxist feminism,radical feminism
,feminism definition,what is feminism,marxist feminism,radical feminism
,feminism definition,what is feminism,marxist feminism,radical feminism
,feminism definition,what is feminism,marxist feminism,radical feminism
,feminism definition,what is feminism,marxist feminism,radical feminism
,feminism definition,what is feminism,feminism definition,radical feminism
,feminism definition,what is feminism,feminism definition,radical feminism
,feminism definition,what is feminism,feminist definition,radical feminism
,feminism definition,what is feminism,feminism definition,radical feminism
,feminism definition,what is feminism,feminist definition,radical feminism
,feminism definition,what is feminism,feminist definition,radical feminism
,feminism definition,what is feminism,feminist definition,radical feminism
,feminism definition,what is feminism,feminist definition,radical feminism
,feminism definition,what is feminism,feminist definition,radical feminism
,feminism definition,what is feminism,feminist definition,radical feminism
,feminism definition,what is feminism,feminism definition,radical feminism
,feminism definition,what is feminism,feminist definition,radical feminism
,feminism definition,what is feminism,feminism definition,radical feminism
,feminism definition,what is feminism,feminist definition,radical feminism
,feminism definition,what is feminism,feminist definition,radical feminism
,feminism definition,ladies against feminism,feminist definition,radical feminism
,feminism definition,ladies against feminism,feminist definition,radical feminism
,feminism definition,feminism quotes,feminist definition,radical feminism
,feminism definition,feminism quotes,feminist definition,radical feminism
,feminism definition,feminism quotes,feminist definition,radical feminism
,feminism definition,feminism quotes,feminism definition,radical feminism
,feminism definition,feminism quotes,feminist definition,radical feminism
,feminism definition,feminism quotes,feminist definition,radical feminism
,feminism definition,feminism quotes,feminist definition,radical feminism
,feminism definition,feminism quotes,feminist definition,radical feminism
,feminism definition,feminism quotes,feminism definition,radical feminism
,feminism definition,kate chopin,feminist definition,third wave feminism
,feminism definition,feminism definition,feminist definition,third wave feminism
,feminism definition,feminism definition,feminist definition,third wave feminism
,feminism definition,feminism definition,feminism definition,third wave feminism
,history of feminism,feminism definition,feminist definition,third wave feminism
,history of feminism,feminism definition,feminism definition,third wave feminism
,what is feminism,feminism definition,feminist definition,third wave feminism
,what is feminism,feminism definition,feminism definition,third wave feminism
,what is feminism,feminism definition,feminism definition,third wave feminism
,what is feminism,feminism definition,feminist definition,third wave feminism
,what is feminism,feminism definition,feminist definition,third wave feminism
,what is feminism,feminism definition,feminist definition,third wave feminism
,what is feminism,feminism definition,feminist definition,third wave feminism
,what is feminism,feminism definition,feminist definition,third wave feminism
,what is feminism,feminism definition,feminist definition,third wave feminism
,what is feminism,feminism definition,feminist definition,third wave feminism
,what is feminism,feminist definition,feminism definition,third wave feminism
,what is feminism,feminism definition,feminist definition,third wave feminism
,what is feminism,feminism definition,feminism definition,third wave feminism
,what is feminism,feminism definition,feminist definition,third wave feminism
,what is feminism,feminism definition,feminist definition,third wave feminism
,what is feminism,feminist definition,feminist definition,third wave feminism
,what is feminism,feminism definition,feminism definition,third wave feminism
,what is feminism,feminism definition,feminist definition,third wave feminism
,what is feminism,feminism definition,feminism definition,third wave feminism
,what is feminism,feminism definition,feminist definition,third wave feminism
,what is feminism,feminism definition,feminist definition,third wave feminism
,what is feminism,feminism definition,feminist definition,third wave feminism
,what is feminism,feminism definition,feminist definition,third wave feminism
,what is feminism,feminism definition,feminism definition,third wave feminism
,what is feminism,feminist definition,feminist definition,third wave feminism
,what is feminism,feminist definition,feminism definition,anti feminism
,what is feminism,feminist definition,feminism definition,feminist history
,what is feminism,feminism definition,feminist definition,socialist feminism
,what is feminism,feminism definition,feminism definition,socialist feminism
,what is feminism,feminism definition,feminist definition,cultural feminism
,what is feminism,feminism definition,feminism definition,marxist feminism
,what is feminism,feminist definition,feminist definition,marxist feminism
,what is feminism,feminism definition,feminism definition,marxist feminism
,what is feminism,feminism definition,feminism definition,marxist feminism
,what is feminism,feminist definition,feminism definition,feminism is for everybody
,what is feminism,feminist definition,feminism definition,germaine greer
,what is feminism,feminist definition,feminist definition,sex positive feminism
,what is feminism,feminism definition,feminism definition,sex positive feminism
,what is feminism,feminism definition,feminism definition,sex positive feminism
,what is feminism,feminism definition,feminism definition,sex positive feminism
,what is feminism,feminism definition,feminism definition,sex positive feminism
,what is feminism,feminism definition,feminism definition,sex positive feminism
,what is feminism,feminist definition,feminism definition,sex positive feminism
what is feminism,what is feminism,feminism definition,feminism definition,sex positive feminism
what is feminism,what is feminism,feminism definition,feminism definition,full frontal feminism
what is feminism,what is feminism,feminism definition,feminism definition,black feminism
what is feminism,what is feminism,feminism definition,feminism definition,black feminism
what is feminism,what is feminism,feminism definition,feminism definition,black feminism
what is feminism,what is feminism,feminism definition,feminism definition,black feminism
what is feminism,what is feminism,feminism definition,feminism definition,black feminism
what is feminism,what is feminism,feminism definition,feminism definition,black feminism
what is feminism,what is feminism,feminism definition,feminism definition,black feminism
what is feminism,what is feminism,feminism definition,sex positive feminism,black feminism
what is feminism,what is feminism,feminism definition,sex positive feminism,black feminism
what is feminism,what is feminism,feminism definition,sex positive feminism,black feminism
what is feminism,what is feminism,feminism definition,sex positive feminism,liberal feminism
what is feminism,what is feminism,feminism definition,sex positive feminism,liberal feminism
what is feminism,what is feminism,feminism definition,post feminism,liberal feminism
what is feminism,what is feminism,feminism definition,margaret thatcher feminism,liberal feminism
what is feminism,what is feminism,feminism definition,feminist meaning,liberal feminism
what is feminism,what is feminism,feminism definition,feminist meaning,liberal feminism
what is feminism,what is feminism,feminism definition,feminist meaning,liberal feminism
what is feminism,what is feminism,feminism definition,feminist meaning,liberal feminism
what is feminism,what is feminism,feminism definition,feminist meaning,liberal feminism
what is feminism,what is feminism,feminism definition,feminist meaning,liberal feminism
what is feminism,what is feminism,feminist definition,feminist meaning,liberal feminism
what is feminism,what is feminism,feminism definition,feminist meaning,liberal feminism
what is feminism,what is feminism,feminism definition,feminist meaning,post feminism
what is feminism,what is feminism,feminism definition,feminist meaning,post feminism
what is feminism,what is feminism,feminism definition,feminist meaning,i need feminism because
what is feminism,what is feminism,feminism definition,feminist meaning,margaret thatcher
what is feminism,what is feminism,feminism definition,feminist meaning,marxism
what is feminism,what is feminism,feminism definition,feminist meaning,marxism
what is feminism,what is feminism,feminism definition,feminism meaning,marxism
what is feminism,what is feminism,feminism definition,feminist meaning,marxism
what is feminism,what is feminism,feminism definition,feminist meaning,marxism
what is feminism,what is feminism,feminism definition,feminist meaning,marxism
what is feminism,what is feminism,feminism definition,feminism meaning,marxism
what is feminism,what is feminism,feminism definition,feminist meaning,beyonce
what is feminism,what is feminism,feminism definition,feminist meaning,what is feminism
what is feminism,what is feminism,feminism definition,feminist meaning,what is feminism
what is feminism,what is feminism,feminism definition,feminist meaning,what is feminism
what is feminism,what is feminism,feminism definition,feminism meaning,what is feminism
what is feminism,what is feminism,feminism definition,feminist meaning,what is feminism
what is feminism,what is feminism,feminism definition,feminism meaning,what is feminism
what is feminism,what is feminism,feminism definition,feminist meaning,what is feminism
what is feminism,what is feminism,feminism definition,feminist meaning,what is feminism
what is feminism,what is feminism,feminism definition,feminist meaning,what is feminism
what is feminism,what is feminism,feminism definition,feminism meaning,what is feminism
what is feminism,what is feminism,feminism definition,feminist meaning,what is feminism
what is feminism,what is feminism,feminism definition,feminism meaning,what is feminism
what is feminism,what is feminism,feminism definition,feminist meaning,what is feminism
what is feminism,what is feminism,feminism definition,feminism meaning,what is feminism
what is feminism,what is feminism,feminism definition,feminism meaning,what is feminism
what is feminism,what is feminism,feminism definition,feminism meaning,what is feminism
what is feminism,what is feminism,feminism definition,feminism meaning,what is feminism
what is feminism,what is feminism,third wave feminism,feminism meaning,what is feminism
what is feminism,what is feminism,third wave feminism,feminism meaning,what is feminism
what is feminism,what is feminism,third wave feminism,feminism meaning,what is feminism
what is feminism,what is feminism,third wave feminism,feminism meaning,what is feminism
what is feminism,what is feminism,third wave feminism,feminism meaning,what is feminism
what is feminism,what is feminism,third wave feminism,feminism meaning,what is feminism
what is feminism,what is feminism,third wave feminism,feminism meaning,what is feminism
what is feminism,what is feminism,third wave feminism,feminism meaning,feminist theory
what is feminism,what is feminism,third wave feminism,feminism meaning,feminism theory
what is feminism,what is feminism,third wave feminism,feminism meaning,shailene woodley
what is feminism,what is feminism,third wave feminism,feminist meaning,shailene woodley feminism
what is feminism,what is feminism,third wave feminism,feminism meaning,shailene woodley feminism
what is feminism,what is feminism,third wave feminism,feminist meaning,shailene woodley feminism
what is feminism,what is feminism,third wave feminism,feminist meaning,lana del rey
what is feminism,what is feminism,third wave feminism,feminist meaning,lana del rey feminism
what is feminism,what is feminism,third wave feminism,feminism meaning,feminism meaning in hindi
what is feminism,what is feminism,third wave feminism,feminism meaning,feminism in hindi
what is feminism,what is feminism,second wave feminism,feminism meaning,feminism in hindi
what is feminism,what is feminism,second wave feminism,feminism meaning,feminism in hindi
what is feminism,what is feminism,second wave feminism,i need feminism because,feminism in hindi
what is feminism,what is feminism,second wave feminism,lesbian feminism,feminism in hindi
what is feminism,what is feminism,second wave feminism,lesbian feminism,feminism in hindi
what is feminism,what is feminism,second wave feminism,lesbian feminism,feminism in hindi
what is feminism,what is feminism,second wave feminism,shailene woodley feminism,feminism in hindi
what is feminism,what is feminism,second wave feminism,shailene woodley feminism,feminism meaning hindi
what is feminism,what is feminism,second wave feminism,lana del rey feminism,feminism in hindi
what is feminism,what is feminism,second wave feminism,confused cats against feminism,feminism meaning in hindi
what is feminism,what is feminism,second wave feminism,beyonce feminism,feminism meaning in hindi
what is feminism,what is feminism,second wave feminism,emma watson,feminism meaning in hindi
what is feminism,what is feminism,second wave feminism,emma watson feminism,feminism meaning in hindi
what is feminism,what is feminism,second wave feminism,emma watson,feminism meaning in hindi
what is feminism,liberal feminism,second wave feminism,emma watson feminism,feminism meaning in hindi
what is feminism,liberal feminism,second wave feminism,women against feminism,feminism meaning in hindi
what is feminism,liberal feminism,liberal feminism,julie bishop feminism,feminism meaning in hindi
what is feminism,liberal feminism,liberal feminism,feminism in india,feminism meaning in hindi
what is feminism,liberal feminism,liberal feminism,feminism in india,feminism meaning in hindi
what is feminism,liberal feminism,liberal feminism,feminism in india,feminism meaning in hindi
what is feminism,liberal feminism,liberal feminism,feminism in india,feminism in hindi
what is feminism,third wave feminism,liberal feminism,feminism in india,feminism meaning in hindi
what is feminism,third wave feminism,liberal feminism,feminism in india,feminism meaning in hindi
what is feminism,third wave feminism,liberal feminism,feminism in india,feminism meaning in hindi
what is feminism,third wave feminism,liberal feminism,feminism in india,feminism meaning in hindi
what is feminism,third wave feminism,liberal feminism,feminism in india,feminism meaning in hindi
feminism quotes,third wave feminism,liberal feminism,feminism in india,feminism meaning in hindi
feminism quotes,third wave feminism,feminism today,feminism in india,feminism meaning in hindi
feminism quotes,third wave feminism,forced feminism story,feminism in india,feminism meaning in hindi
post feminism,third wave feminism,marxist feminism,feminism in india,lesbian feminism
post feminism,feminism quotes,marxist feminism,feminism in india,lesbian feminism
feminism in australia,feminism quotes,marxism,feminism in india,lesbian feminism
sarah palin breasts feminism,radical feminism,social feminism,feminism in india,lesbian feminism
lesbian feminism,radical feminism,feminism meaning,feminism in india,lesbian feminism
lesbian feminism,radical feminism,feminist meaning,feminism in india,women against feminism
lesbian feminism,radical feminism,feminist meaning,feminism in india,women against feminism
lesbian feminism,radical feminism,feminist meaning,mad max,women against feminism
lesbian feminism,radical feminism,feminist meaning,mad max feminism,emma watson feminism
lesbian feminism,radical feminism,feminist meaning,mad max fury road feminism,emma watson feminism
lesbian feminism,radical feminism,feminism meaning,intersectional feminism,emma watson feminism
lesbian feminism,radical feminism,feminist meaning,intersectional feminism,against feminism
lesbian feminism,radical feminism,feminist meaning,intersectional feminism,everyday feminism
lesbian feminism,radical feminism,feminist meaning,intersectional feminism,everyday feminism
lesbian feminism,radical feminism,feminist meaning,intersectional feminism,everyday feminism
lesbian feminism,radical feminism,feminist meaning,intersectional feminism,everyday feminism
lesbian feminism,radical feminism,feminist meaning,intersectional feminism,everyday feminism
lesbian feminism,radical feminism,feminist meaning,intersectional feminism,everyday feminism
lesbian feminism,radical feminism,feminism meaning,intersectional feminism,everyday feminism
lesbian feminism,radical feminism,feminist meaning,intersectional feminism,everyday feminism
lesbian feminism,anti feminism,feminist meaning,intersectional feminism,everyday feminism
feminism in india,black feminism,feminist meaning,intersectional feminism,everyday feminism
feminism in india,black feminism,feminist meaning,intersectional feminism,everyday feminism
feminism in india,second wave feminism,feminist meaning,intersectional feminism,intersectional feminism
feminism meaning,second wave feminism,feminist meaning,intersectional feminism,intersectional feminism
feminism meaning,second wave feminism,feminist meaning,intersectional feminism,intersectional feminism
feminism meaning,second wave feminism,feminist meaning,intersectional feminism,intersectional feminism
feminism meaning,second wave feminism,feminist meaning,intersectional feminism,intersectional feminism
feminism meaning,second wave feminism,feminist meaning,intersectional feminism,intersectional feminism
feminism meaning,second wave feminism,feminist meaning,intersectional feminism,intersectional feminism
feminism meaning,second wave feminism,feminist meaning,intersectional feminism,intersectional feminism
feminist meaning,second wave feminism,feminist meaning,intersectional feminism,intersectional feminism
feminism meaning,second wave feminism,feminist meaning,intersectional feminism,intersectional feminism
feminism meaning,second wave feminism,feminist meaning,intersectional feminism,intersectional feminism
feminism meaning,feminism movement,feminist meaning,intersectional feminism,intersectional feminism
feminism meaning,forced feminism story,feminism meaning,intersectional feminism,intersectional feminism
feminism meaning,marxist feminism,feminism meaning,intersectional feminism,intersectional feminism
feminism meaning,marxist feminism,feminist meaning,intersectional feminism,intersectional feminism
feminism meaning,feminism in london,feminism meaning,intersectional feminism,intersectional feminism
feminism meaning,post feminism,feminist meaning,intersectional feminism,intersectional feminism
feminism meaning,lesbian vampire killers,feminism meaning,intersectional feminism,intersectional feminism
feminist meaning,lesbian feminism,feminism meaning,intersectional feminism,intersectional feminism
feminism meaning,lesbian feminism,feminism meaning,intersectional feminism,intersectional feminism
feminism meaning,lesbian feminism,feminism meaning,intersectional feminism,intersectional feminism
feminism meaning,lesbian feminism,feminist meaning,intersectional feminism,intersectional feminism
feminism meaning,lesbian feminism,feminism meaning,intersectional feminism,intersectional feminism
feminism meaning,lesbian feminism,feminism meaning,intersectional feminism,intersectional feminism
feminism meaning,first wave feminism,feminism meaning,intersectional feminism,intersectional feminism
feminism meaning,first wave feminism,feminism meaning,intersectional feminism,intersectional feminism
feminism meaning,letsbuy,feminism meaning,intersectional feminism,intersectional feminism
feminism meaning,feminism in india,feminism meaning,intersectional feminism,intersectional feminism
feminism meaning,feminism in india,feminism meaning,intersectional feminism,intersectional feminism
feminism meaning,feminism in india,feminism meaning,intersectional feminism,intersectional feminism
feminism meaning,feminism in india,feminism meaning,intersectional feminism,intersectional feminism
feminism meaning,feminism in india,feminism meaning,intersectional feminism,intersectional feminism
feminism meaning,love joy feminism,feminism meaning,intersectional feminism,intersectional feminism
feminism meaning,sex positive feminism,feminist meaning,intersectional feminism,intersectional feminism
feminism meaning,sex positive feminism,feminism meaning,intersectional feminism,intersectional feminism
feminism meaning,sex positive feminism,feminism meaning,intersectional feminism,intersectional feminism
feminism meaning,feminism meaning,feminism meaning,intersectional feminism,intersectional feminism
feminism meaning,feminism meaning,feminism meaning,intersectional feminism,intersectional feminism
feminism meaning,feminism meaning,feminism meaning,intersectional feminism,intersectional feminism
feminism meaning,feminism meaning,feminism meaning,intersectional feminism,intersectional feminism
feminism meaning,feminist meaning,lesbian feminism,intersectional feminism,intersectional feminism
feminism meaning,feminism meaning,lesbian feminism,intersectional feminism,intersectional feminism
feminism meaning,feminism meaning,lesbian feminism,intersectional feminism,intersectional feminism
feminism meaning,feminist meaning,lesbian feminism,intersectional feminism,intersectional feminism
feminism meaning,feminist meaning,love joy feminism,intersectional feminism,intersectional feminism
feminism meaning,feminism meaning,first wave feminism,intersectional feminism,intersectional feminism
feminism meaning,feminist meaning,first wave feminism,intersectional feminism,intersectional feminism
feminism meaning,feminist meaning,first wave feminism,intersectional feminism,intersectional feminism
feminism meaning,feminism meaning,history of feminism,intersectional feminism,intersectional feminism
feminism meaning,feminist meaning,feminism in india,intersectional feminism,intersectional feminism
feminism meaning,feminist meaning,feminism in india,intersectional feminism,intersectional feminism
feminism meaning,feminism meaning,feminism in india,intersectional feminism,intersectional feminism
feminism meaning,feminist meaning,feminism in india,intersectional feminism,intersectional feminism
feminism meaning,feminist meaning,feminism in india,intersectional feminism,intersectional feminism
feminism meaning,feminist meaning,feminism in india,intersectional feminism,intersectional feminism
feminism meaning,feminist meaning,feminism in india,intersectional feminism,intersectional feminism
feminism meaning,feminist meaning,feminism in india,intersectional feminism,intersectional feminism
feminism meaning,feminist meaning,feminism in india,intersectional feminism,intersectional feminism
feminism meaning,feminist meaning,women against feminism,intersectional feminism,intersectional feminism
feminism meaning,feminism meaning,women against feminism,intersectional feminism,intersectional feminism
feminism meaning,feminism meaning,women against feminism,intersectional feminism,mad max feminism
feminism meaning,feminism meaning,cats against feminism,intersectional feminism,feminist meaning
feminism meaning,feminist meaning,emma watson feminism,intersectional feminism,feminist meaning
feminism meaning,feminism meaning,emma watson feminism,intersectional feminism,feminist meaning
feminism meaning,feminism meaning,emma watson,intersectional feminism,feminism meaning
feminism meaning,feminism meaning,emma watson feminism,intersectional feminism,feminism meaning
feminism meaning,feminism meaning,emma watson feminism,intersectional feminism,feminism meaning
feminism meaning,feminism meaning,sex positive feminism,everyday feminism,feminism meaning
feminism meaning,feminist meaning,sex positive feminism,everyday feminism,feminist meaning
feminism meaning,feminism meaning,intersectional feminism,everyday feminism,feminism meaning
feminism meaning,feminism meaning,intersectional feminism,everyday feminism,feminist meaning
feminism meaning,feminism meaning,intersectional feminism,everyday feminism,feminist meaning
feminism meaning,feminism meaning,intersectional feminism,everyday feminism,feminism meaning
feminism meaning,feminism meaning,intersectional feminism,everyday feminism,feminist meaning
feminism meaning,feminism meaning,intersectional feminism,everyday feminism,feminism meaning
feminism meaning,feminism meaning,intersectional feminism,everyday feminism,feminism meaning
feminism meaning,feminism meaning,intersectional feminism,everyday feminism,feminist meaning
feminism meaning,feminism meaning,intersectional feminism,everyday feminism,feminism meaning
feminism meaning,feminism meaning,intersectional feminism,everyday feminism,feminist meaning
feminism meaning,feminism meaning,intersectional feminism,everyday feminism,feminist meaning
feminism meaning,feminism meaning,intersectional feminism,everyday feminism,feminism meaning
feminism meaning,feminism meaning,intersectional feminism,everyday feminism,feminism meaning
feminism meaning,feminism meaning,intersectional feminism,white feminism,feminist meaning
feminism meaning,feminism meaning,intersectional feminism,white feminism,feminism meaning
feminism meaning,feminism meaning,intersectional feminism,mark ruffalo feminism,feminist meaning
feminism meaning,feminism meaning,intersectional feminism,mark ruffalo feminism,feminism meaning
feminism meaning,feminism meaning,intersectional feminism,feminism in literature,feminist meaning
feminism meaning,feminism meaning,intersectional feminism,feminism in london,feminism meaning
feminism meaning,feminism meaning,intersectional feminism,black feminism,feminism meaning
feminism meaning,feminism meaning,intersectional feminism,black feminism,feminism meaning
feminism meaning,feminism meaning,intersectional feminism,black feminism,feminism meaning
feminism meaning,feminism meaning,intersectional feminism,black feminism,feminism meaning
feminism meaning,feminism meaning,intersectional feminism,black feminism,feminist meaning
feminism meaning,feminism meaning,intersectional feminism,black feminism,feminist meaning
feminism meaning,feminism meaning,intersectional feminism,black feminism,love joy feminism
feminism meaning,feminism meaning,intersectional feminism,black feminism,feminism in india
feminism meaning,feminism meaning,intersectional feminism,women,feminism in india
feminism meaning,feminism meaning,intersectional feminism,feminism sociology,feminism in india
feminism meaning,feminism meaning,intersectional feminism,feminism sociology,feminism in india
feminism meaning,feminism meaning,intersectional feminism,lesbian,feminism in india
feminism meaning,feminism meaning,intersectional feminism,waves of feminism,feminism in india
feminism meaning,feminism meaning,intersectional feminism,waves of feminism,feminism in india
feminism meaning,feminism meaning,intersectional feminism,marxism,feminism in india
feminism meaning,feminism meaning,intersectional feminism,marxism,feminism in india
feminism meaning,feminism meaning,intersectional feminism,marxism,feminism in india
feminism meaning,feminism meaning,intersectional feminism,feminism in hindi,feminism in india
feminism meaning,shailene woodley,intersectional feminism,feminism in hindi,feminism in india
feminism meaning,shailene woodley feminism,intersectional feminism,feminism meaning in hindi,feminism in india
feminism meaning,shailene woodley feminism,intersectional feminism,feminism meaning in hindi,feminism in india
feminism meaning,women against feminism,intersectional feminism,feminism meaning in hindi,feminism in india
feminism meaning,emma watson,intersectional feminism,feminism in hindi,feminism in india
feminism meaning,mad max feminism,intersectional feminism,feminism meaning in hindi,feminism in india
feminism meaning,everyday feminism,intersectional feminism,feminism meaning in hindi,feminism in india
feminism meaning,everyday feminism,intersectional feminism,feminism meaning in hindi,feminism in india
feminism meaning,everyday feminism,intersectional feminism,feminism meaning in hindi,feminism in india
feminism meaning,everyday feminism,intersectional feminism,feminism meaning in hindi,feminism in india
feminism meaning,everyday feminism,intersectional feminism,feminism meaning in hindi,feminism in india
feminism meaning,everyday feminism,intersectional feminism,feminism in hindi,feminine meaning
feminism meaning,intersectional feminism,intersectional feminism,feminism meaning in hindi,white feminism
feminism meaning,intersectional feminism,intersectional feminism,feminism meaning in hindi,white feminism
feminism meaning,intersectional feminism,intersectional feminism,feminism in hindi,white feminism
feminism meaning,intersectional feminism,intersectional feminism,feminism meaning in hindi,white feminism
feminism meaning,intersectional feminism,intersectional feminism,feminism in hindi,white feminism
thatcher feminism,intersectional feminism,intersectional feminism,feminism in hindi,white feminism
lesbian feminism photos,intersectional feminism,intersectional feminism,feminism in hindi,white feminism
women against feminism,intersectional feminism,intersectional feminism,feminism meaning in hindi,white feminism
women against feminism,intersectional feminism,feminism sociology,fourth wave feminism,captain marvel feminism
women against feminism,intersectional feminism,mad max feminism,fourth wave feminism,what is a feminist
women against feminism,intersectional feminism,everyday feminism,socialism,liberalism
women against feminism,intersectional feminism,feminism in the philippines,socialism,pseudo
women against feminism,intersectional feminism,feminism in hindi,feminist theory,hood feminism
intersectional feminism,intersectional feminism,feminism in hindi,feminism theory,hood feminism
intersectional feminism,intersectional feminism,feminism meaning in hindi,feminism theory,hood feminism
intersectional feminism,intersectional feminism,feminism in hindi,formalism,hood feminism
intersectional feminism,intersectional feminism,feminism meaning in hindi,feminism in the philippines,hood feminism
intersectional feminism,intersectional feminism,feminism meaning in hindi,similarities of anarchism and feminism brainly,testicular feminism syndrome
intersectional feminism,intersectional feminism,feminism meaning in hindi,discuss the work of max van manen and shaun gallagher,patriarchy
intersectional feminism,intersectional feminism,feminism meaning in hindi,feminism essay,patriarchy
intersectional feminism,feminism in hindi,feminism in hindi,feminism movement,ano ang feminism
feminist theory,feminism in hindi,feminism meaning in hindi,modern feminism,should i get vaccinated
sex robot feminism,feminism in hindi,feminism in hindi,this is modern feminism talking,explain how african feminism can help you to implement equal opportunities for male and female teachers at your school.
fascism,feminism in hindi,feminism meaning in hindi,feminism approach,fascism
feminism in nigeria,marxism,feminism meaning in hindi,feminism approach,example of feminism
types of feminism,no nut november feminism,feminism in hindi,feminism approach,feminism examples
bell hooks,bell hooks feminism,no nut november feminism,feminism approach,waves of feminism
bell hooks feminism,this is modern feminism talking,cash advance,feminism approach,toxic feminism
taylor swift,black lives matter,explain how african feminism can help you to implement equal opportunities for male and female teachers at your school,vaccine,toxic feminism
explain how african feminism can help you to implement equal opportunities for male and female,african feminism,feminism approach,adam bandt,feminist approach
